{"stats":{"minecraft:custom":{"minecraft:interact_with_furnace":29,"minecraft:mob_kills":22,"minecraft:interact_with_crafting_table":36,"minecraft:open_barrel":10,"minecraft:leave_game":3,"minecraft:time_since_death":56811,"minecraft:sleep_in_bed":2,"minecraft:climb_one_cm":3304,"minecraft:time_since_rest":47972,"minecraft:sprint_one_cm":159208,"minecraft:damage_taken":1836,"minecraft:walk_one_cm":220821,"minecraft:drop":12,"minecraft:damage_dealt":4399,"minecraft:swim_one_cm":34644,"minecraft:fly_one_cm":256758,"minecraft:player_kills":2,"minecraft:open_chest":84,"minecraft:crouch_one_cm":11746,"minecraft:play_time":83149,"minecraft:deaths":3,"minecraft:sneak_time":4569,"minecraft:walk_under_water_one_cm":16129,"minecraft:boat_one_cm":401747,"minecraft:jump":1725,"minecraft:walk_on_water_one_cm":13789,"minecraft:total_world_time":83149,"minecraft:interact_with_smoker":10,"minecraft:fall_one_cm":46059},"minecraft:killed":{"naturalist:bear":1,"minecraft:spider":2,"minecraft:vindicator":2,"alexsmobs:seagull":1,"alexsmobs:emu":1,"naturalist:coral_snake":1,"minecraft:skeleton":2,"minecraft:pillager":2,"minecraft:zombie":5,"alexsmobs:gazelle":3,"minecraft:drowned":1},"minecraft:used":{"minecraft:stone_sword":37,"minecraft:stone_pickaxe":55,"minecraft:oak_planks":20,"minecraft:chest":1,"minecraft:wooden_pickaxe":16,"minecraft:iron_sword":65,"minecraft:rotten_flesh":1,"naturalist:duck_egg":1,"minecraft:crafting_table":3,"minecraft:red_bed":1,"minecraft:crossbow":8,"minecraft:granite":1,"minecraft:spruce_boat":1,"minecraft:apple":1,"minecraft:bread":16,"minecraft:melon_slice":26,"minecraft:stone_axe":117,"minecraft:cobblestone":6,"minecraft:furnace":1,"minecraft:oak_boat":1},"minecraft:mined":{"minecraft:yellow_terracotta":1,"minecraft:spruce_planks":15,"minecraft:glass_pane":1,"minecraft:red_bed":1,"minecraft:jungle_slab":2,"biomesoplenty:wildflower":1,"biomesoplenty:desert_grass":4,"minecraft:crafting_table":1,"minecraft:granite":2,"biomesoplenty:bush":8,"minecraft:purple_terracotta":1,"minecraft:grass_block":6,"minecraft:melon":17,"minecraft:tall_grass":7,"minecraft:cobblestone":2,"minecraft:spruce_leaves":1,"minecraft:hay_block":25,"minecraft:iron_ore":2,"minecraft:spruce_log":3,"minecraft:acacia_stairs":1,"minecraft:grass":40,"minecraft:oak_log":40,"minecraft:coal_ore":34,"minecraft:quartz_slab":1,"minecraft:sand":15,"minecraft:dirt":6,"minecraft:acacia_planks":1,"minecraft:stone":24,"minecraft:oak_leaves":6},"minecraft:killed_by":{"minecraft:vindicator":1,"minecraft:player":1,"minecraft:pillager":1},"minecraft:picked_up":{"minecraft:crafting_table":1,"minecraft:oak_log":40,"alexsmobs:gazelle_horn":1,"minecraft:dirt":28,"minecraft:string":4,"minecraft:red_bed":1,"minecraft:acacia_planks":1,"minecraft:apple":3,"minecraft:wheat_seeds":10,"minecraft:spruce_planks":6,"minecraft:stone_pickaxe":1,"minecraft:iron_ingot":1,"minecraft:oak_boat":1,"biomesoplenty:wildflower":1,"minecraft:melon_slice":89,"minecraft:stick":3,"minecraft:raw_iron":2,"minecraft:sand":15,"minecraft:spruce_log":3,"minecraft:acacia_stairs":1,"naturalist:duck_egg":1,"minecraft:spider_eye":2,"minecraft:purple_terracotta":1,"minecraft:arrow":5,"minecraft:rotten_flesh":5,"minecraft:hay_block":28,"minecraft:crossbow":1,"minecraft:granite":2,"minecraft:yellow_terracotta":1,"minecraft:bread":1,"minecraft:emerald":2,"minecraft:oak_sapling":10,"minecraft:mutton":2,"minecraft:coal":33,"minecraft:cobblestone":26,"minecraft:oxeye_daisy":1},"minecraft:dropped":{"minecraft:bread":1,"minecraft:wheat_seeds":6,"minecraft:stone_sword":1,"minecraft:granite":1,"minecraft:oxeye_daisy":1,"minecraft:dirt":8,"minecraft:oak_sapling":10,"minecraft:leather_leggings":1,"minecraft:spider_eye":1,"minecraft:stone_pickaxe":1},"minecraft:crafted":{"minecraft:oak_planks":160,"minecraft:crafting_table":2,"minecraft:spruce_planks":12,"travelersbackpack:backpack_tank":2,"minecraft:wooden_pickaxe":1,"minecraft:furnace":1,"minecraft:stone_axe":1,"minecraft:bread":84,"minecraft:air":0,"minecraft:glass":12,"minecraft:stick":8,"minecraft:iron_ingot":2,"minecraft:stone_pickaxe":1,"minecraft:chest":1,"minecraft:stone_sword":1,"minecraft:spruce_boat":1,"minecraft:wheat":252}},"DataVersion":3465}