{"stats":{"minecraft:broken":{"minecraft:stone_pickaxe":1,"minecraft:stone_axe":1},"minecraft:killed_by":{"minecraft:player":1,"minecraft:pillager":1,"minecraft:vindicator":1},"minecraft:picked_up":{"minecraft:crafting_table":5,"minecraft:chainmail_boots":2,"minecraft:ladder":2,"minecraft:stone_brick_stairs":1,"alexsmobs:gazelle_horn":1,"minecraft:raw_copper":19,"minecraft:string":11,"minecraft:red_bed":1,"minecraft:armor_stand":3,"minecraft:zombie_head":1,"minecraft:cobbled_deepslate":101,"minecraft:spruce_planks":6,"minecraft:beef":8,"minecraft:oak_boat":1,"minecraft:iron_pickaxe":1,"biomesoplenty:wildflower":1,"minecraft:melon_slice":89,"minecraft:furnace":1,"minecraft:raw_iron":22,"minecraft:stick":5,"minecraft:torch":5,"minecraft:acacia_log":4,"farmersdelight:tomato_seeds":1,"minecraft:diorite":31,"minecraft:purple_terracotta":1,"minecraft:arrow":29,"minecraft:rotten_flesh":13,"minecraft:hay_block":40,"minecraft:yellow_terracotta":1,"minecraft:mutton":9,"minecraft:iron_bars":2,"minecraft:cobblestone":170,"minecraft:white_wool":3,"minecraft:oxeye_daisy":1,"minecraft:enchanting_table":1,"minecraft:magma_block":8,"minecraft:iron_door":2,"minecraft:andesite":33,"minecraft:leather":5,"minecraft:smoker":1,"minecraft:flint":1,"minecraft:oak_log":40,"minecraft:chainmail_chestplate":2,"supplementaries:flax_seeds":2,"minecraft:lapis_lazuli":7,"minecraft:dirt":40,"minecraft:cooked_mutton":9,"minecraft:bone":2,"minecraft:acacia_planks":1,"minecraft:apple":7,"minecraft:wheat_seeds":12,"minecraft:iron_ingot":1,"minecraft:stone_pickaxe":3,"minecraft:glass_bottle":1,"minecraft:iron_sword":1,"minecraft:book":96,"minecraft:gravel":13,"minecraft:sand":17,"minecraft:spruce_log":3,"minecraft:acacia_stairs":1,"naturalist:duck_egg":1,"minecraft:spider_eye":2,"travelersbackpack:standard":1,"minecraft:diamond":5,"minecraft:iron_helmet":1,"minecraft:crossbow":1,"minecraft:granite":2,"minecraft:emerald":8,"minecraft:bread":1,"minecraft:oak_sapling":10,"minecraft:black_wool":2,"minecraft:dark_oak_fence":1,"minecraft:coal":60},"minecraft:custom":{"minecraft:mob_kills":52,"minecraft:interact_with_crafting_table":62,"minecraft:open_barrel":25,"minecraft:leave_game":3,"minecraft:time_since_death":18654,"minecraft:climb_one_cm":5949,"minecraft:sprint_one_cm":356768,"minecraft:walk_one_cm":446364,"minecraft:drop":45,"minecraft:talked_to_villager":1,"minecraft:play_time":170697,"minecraft:deaths":4,"minecraft:sneak_time":9082,"minecraft:walk_under_water_one_cm":77949,"minecraft:boat_one_cm":473522,"minecraft:jump":3811,"minecraft:interact_with_blast_furnace":5,"minecraft:walk_on_water_one_cm":32201,"minecraft:total_world_time":170697,"minecraft:interact_with_furnace":45,"minecraft:sleep_in_bed":2,"minecraft:time_since_rest":18750,"minecraft:damage_taken":3957,"minecraft:damage_dealt":8663,"minecraft:swim_one_cm":39928,"minecraft:fly_one_cm":553026,"minecraft:player_kills":2,"minecraft:open_chest":125,"minecraft:crouch_one_cm":19188,"minecraft:interact_with_smoker":15,"minecraft:fall_one_cm":115164},"minecraft:mined":{"minecraft:yellow_terracotta":1,"minecraft:spruce_planks":15,"minecraft:deepslate_diamond_ore":5,"minecraft:jungle_slab":2,"biomesoplenty:desert_grass":4,"minecraft:granite":2,"minecraft:dark_oak_fence":1,"minecraft:purple_terracotta":1,"biomesoplenty:bush":8,"minecraft:grass_block":8,"minecraft:spruce_leaves":1,"minecraft:oxeye_daisy":1,"minecraft:hay_block":37,"minecraft:tall_seagrass":1,"minecraft:magma_block":5,"minecraft:furnace":1,"minecraft:iron_ore":2,"minecraft:cobbled_deepslate":3,"minecraft:acacia_stairs":1,"minecraft:andesite":20,"minecraft:deepslate_lapis_ore":1,"minecraft:bookshelf":33,"minecraft:deepslate_iron_ore":21,"minecraft:quartz_slab":1,"minecraft:stone":133,"minecraft:glass_pane":1,"minecraft:red_bed":1,"minecraft:smoker":1,"biomesoplenty:wildflower":1,"minecraft:crafting_table":4,"minecraft:melon":17,"minecraft:copper_ore":2,"minecraft:cobblestone":16,"minecraft:tall_grass":10,"minecraft:diorite":14,"minecraft:spruce_log":3,"minecraft:stone_brick_stairs":1,"minecraft:grass":53,"minecraft:coal_ore":34,"minecraft:oak_log":40,"minecraft:gravel":7,"minecraft:zombie_head":1,"minecraft:sand":16,"minecraft:dirt":10,"minecraft:cobweb":6,"minecraft:acacia_planks":1,"minecraft:deepslate":55,"minecraft:oak_leaves":13},"minecraft:crafted":{"minecraft:oak_planks":160,"minecraft:stone_shovel":1,"minecraft:furnace":1,"minecraft:glass":12,"travelersbackpack:white_sleeping_bag":1,"minecraft:iron_boots":1,"minecraft:stone_pickaxe":2,"minecraft:chest":2,"minecraft:spruce_boat":1,"minecraft:magenta_dye":1,"minecraft:wheat":360,"minecraft:crafting_table":4,"minecraft:spruce_planks":12,"travelersbackpack:backpack_tank":2,"minecraft:iron_helmet":1,"minecraft:wooden_pickaxe":1,"travelersbackpack:standard":1,"minecraft:stone_axe":2,"minecraft:bread":120,"minecraft:air":0,"minecraft:iron_chestplate":1,"minecraft:stick":12,"minecraft:iron_pickaxe":1,"minecraft:iron_ingot":31,"minecraft:stone_sword":1,"minecraft:acacia_planks":16,"travelersbackpack:magenta_sleeping_bag":1},"minecraft:killed":{"minecraft:vindicator":4,"minecraft:spider":4,"alexsmobs:seagull":1,"minecraft:skeleton":4,"naturalist:coral_snake":1,"minecraft:drowned":1,"naturalist:bear":1,"alexsmobs:emu":1,"minecraft:sheep":4,"minecraft:pillager":7,"minecraft:zombie":9,"alexsmobs:gazelle":3,"minecraft:cow":4},"minecraft:dropped":{"farmersdelight:tomato_seeds":2,"minecraft:iron_ingot":3,"minecraft:bread":39,"minecraft:iron_sword":1,"minecraft:wheat_seeds":8,"minecraft:cobblestone":37,"minecraft:granite":1,"travelersbackpack:standard":1,"minecraft:oxeye_daisy":1,"minecraft:dirt":20,"minecraft:diorite":28,"minecraft:dark_oak_fence":1,"minecraft:iron_door":2,"minecraft:string":6,"minecraft:stone_sword":1,"minecraft:cooked_mutton":4,"supplementaries:flax_seeds":2,"minecraft:andesite":26,"minecraft:oak_sapling":10,"minecraft:leather_leggings":1,"minecraft:spider_eye":1,"minecraft:arrow":20,"minecraft:stone_pickaxe":4,"minecraft:magma_block":8,"minecraft:black_wool":2},"minecraft:used":{"minecraft:stone_sword":37,"minecraft:stone_shovel":5,"minecraft:chest":1,"minecraft:iron_sword":190,"minecraft:rotten_flesh":3,"minecraft:stick":2,"minecraft:granite":1,"minecraft:spruce_boat":1,"minecraft:furnace":1,"minecraft:cobbled_deepslate":1,"minecraft:acacia_planks":16,"minecraft:cooked_mutton":5,"minecraft:stone_pickaxe":190,"minecraft:oak_planks":20,"minecraft:wooden_pickaxe":16,"naturalist:duck_egg":1,"minecraft:sand":1,"minecraft:crafting_table":8,"minecraft:red_bed":1,"minecraft:crossbow":8,"minecraft:apple":1,"minecraft:melon_slice":31,"minecraft:bread":45,"minecraft:iron_pickaxe":132,"minecraft:stone_axe":160,"minecraft:cobblestone":82,"travelersbackpack:standard":3,"minecraft:oak_boat":1}},"DataVersion":3465}