{"stats":{"minecraft:broken":{"minecraft:wooden_sword":1,"minecraft:iron_pickaxe":1},"minecraft:killed_by":{"minecraft:zombie":1},"minecraft:picked_up":{"minecraft:enchanting_table":1,"minecraft:crafting_table":2,"minecraft:glow_ink_sac":3,"minecraft:andesite":1,"minecraft:wooden_pickaxe":1,"minecraft:tuff":3,"minecraft:oak_log":3,"minecraft:brewing_stand":1,"minecraft:lapis_lazuli":45,"minecraft:string":25,"minecraft:red_bed":2,"minecraft:raw_copper":8,"minecraft:zombie_head":2,"minecraft:bone":9,"minecraft:apple":1,"minecraft:stone_bricks":7,"minecraft:cracked_stone_bricks":1,"minecraft:bow":3,"minecraft:wheat_seeds":3,"minecraft:gold_nugget":32,"minecraft:cobbled_deepslate":165,"minecraft:raw_gold":37,"minecraft:iron_ingot":19,"minecraft:mossy_stone_bricks":1,"minecraft:iron_pickaxe":3,"minecraft:oak_planks":10,"biomesoplenty:toadstool":1,"minecraft:raw_iron":20,"minecraft:pumpkin":2,"minecraft:torch":10,"minecraft:gravel":4,"minecraft:carrot":1,"minecraft:redstone":369,"minecraft:arrow":6,"minecraft:rotten_flesh":10,"minecraft:diamond":9,"aether:chainmail_gloves":1,"minecraft:iron_helmet":1,"supplementaries:antique_ink":1,"minecraft:black_banner":1,"minecraft:bread":29,"minecraft:skeleton_skull":1,"minecraft:cobblestone":10},"minecraft:custom":{"minecraft:interact_with_furnace":9,"minecraft:mob_kills":7,"minecraft:interact_with_crafting_table":16,"minecraft:open_barrel":14,"minecraft:leave_game":2,"minecraft:time_since_death":57437,"minecraft:climb_one_cm":230,"minecraft:time_since_rest":57649,"minecraft:sprint_one_cm":272986,"minecraft:damage_taken":835,"minecraft:walk_one_cm":228158,"minecraft:damage_blocked_by_shield":245,"minecraft:drop":45,"minecraft:damage_dealt":1666,"minecraft:swim_one_cm":28574,"minecraft:fly_one_cm":152577,"minecraft:open_chest":23,"minecraft:crouch_one_cm":14975,"minecraft:play_time":66745,"minecraft:deaths":1,"minecraft:sneak_time":5132,"minecraft:walk_under_water_one_cm":11341,"minecraft:jump":1087,"minecraft:walk_on_water_one_cm":19915,"minecraft:total_world_time":66745,"minecraft:fall_one_cm":20945},"minecraft:mined":{"minecraft:deepslate_redstone_ore":59,"minecraft:tuff":4,"minecraft:red_bed":2,"minecraft:deepslate_diamond_ore":8,"minecraft:brewing_stand":1,"minecraft:crafting_table":3,"minecraft:poppy":2,"minecraft:tall_grass":7,"minecraft:deepslate_gold_ore":35,"minecraft:oxeye_daisy":1,"minecraft:iron_door":4,"minecraft:skeleton_skull":1,"supplementaries:urn":2,"minecraft:smooth_stone":1,"biomesoplenty:toadstool":1,"minecraft:iron_ore":9,"minecraft:cobbled_deepslate":4,"minecraft:black_wall_banner":1,"minecraft:andesite":1,"minecraft:pumpkin":2,"minecraft:deepslate_lapis_ore":7,"minecraft:enchanting_table":1,"minecraft:iron_bars":1,"minecraft:grass":21,"minecraft:bookshelf":1,"minecraft:coal_ore":9,"minecraft:oak_log":3,"minecraft:vine":6,"minecraft:deepslate_iron_ore":12,"minecraft:zombie_head":1,"minecraft:gravel":4,"minecraft:cobweb":25,"minecraft:cracked_stone_bricks":2,"minecraft:stone_bricks":8,"minecraft:stone":22,"minecraft:oak_leaves":2,"minecraft:deepslate":160},"minecraft:crafted":{"minecraft:wooden_sword":1,"minecraft:oak_planks":12,"minecraft:crafting_table":2,"minecraft:iron_helmet":1,"minecraft:iron_sword":1,"minecraft:air":0,"minecraft:iron_boots":1,"minecraft:shield":2,"minecraft:stick":8,"minecraft:iron_ingot":7,"minecraft:stone_pickaxe":1,"minecraft:iron_leggings":1,"minecraft:diamond_chestplate":1},"minecraft:killed":{"minecraft:skeleton":4,"minecraft:zombie":2},"minecraft:dropped":{"minecraft:gravel":4,"biomesoplenty:toadstool":1,"minecraft:wheat_seeds":3,"minecraft:cobbled_deepslate":69,"minecraft:tuff":3,"minecraft:iron_helmet":2,"minecraft:cobblestone":7,"minecraft:rotten_flesh":4,"minecraft:apple":4,"minecraft:stick":4,"minecraft:emerald":1,"minecraft:andesite":1,"minecraft:zombie_head":2,"minecraft:potion":1,"minecraft:stone_bricks":1,"minecraft:bow":1,"minecraft:arrow":3,"minecraft:stone_pickaxe":1,"minecraft:wooden_pickaxe":1,"minecraft:iron_pickaxe":2,"minecraft:enchanting_table":1,"minecraft:redstone":123},"minecraft:used":{"minecraft:mossy_stone_bricks":1,"minecraft:stone_pickaxe":9,"minecraft:wooden_pickaxe":12,"minecraft:shield":14,"minecraft:iron_sword":41,"minecraft:rotten_flesh":6,"minecraft:crafting_table":4,"minecraft:carrot":2,"minecraft:apple":1,"minecraft:bread":15,"minecraft:iron_pickaxe":333,"minecraft:stone_bricks":6,"minecraft:wooden_sword":63,"minecraft:bow":4,"alexsmobs:animal_dictionary":1,"minecraft:cobbled_deepslate":79}},"DataVersion":3465}