{"stats":{"minecraft:custom":{"minecraft:jump":91,"minecraft:open_chest":2,"minecraft:time_since_rest":4289,"minecraft:leave_game":1,"minecraft:crouch_one_cm":119,"minecraft:damage_taken":40,"minecraft:sprint_one_cm":15773,"minecraft:play_time":4289,"minecraft:walk_on_water_one_cm":3668,"minecraft:time_since_death":4289,"minecraft:walk_one_cm":14415,"minecraft:sneak_time":10,"minecraft:total_world_time":4289,"minecraft:walk_under_water_one_cm":3840,"minecraft:swim_one_cm":25644,"minecraft:fall_one_cm":2716,"minecraft:fly_one_cm":21145},"minecraft:used":{"alexsmobs:animal_dictionary":1},"minecraft:mined":{"minecraft:grass":10,"minecraft:pumpkin":2},"minecraft:picked_up":{"minecraft:pumpkin":2}},"DataVersion":3465}