{"stats":{"minecraft:custom":{"minecraft:mob_kills":109,"minecraft:interact_with_crafting_table":34,"minecraft:open_barrel":9,"minecraft:bell_ring":5,"minecraft:damage_dealt_resisted":3063,"minecraft:leave_game":3,"minecraft:time_since_death":103044,"minecraft:climb_one_cm":3452,"minecraft:sprint_one_cm":202930,"minecraft:walk_one_cm":533206,"minecraft:damage_blocked_by_shield":255,"minecraft:drop":56,"minecraft:talked_to_villager":1,"minecraft:play_time":114958,"minecraft:deaths":1,"minecraft:sneak_time":3206,"minecraft:walk_under_water_one_cm":17753,"minecraft:boat_one_cm":491473,"minecraft:jump":1591,"minecraft:walk_on_water_one_cm":14755,"minecraft:total_world_time":114958,"minecraft:interact_with_furnace":25,"minecraft:tune_noteblock":1,"minecraft:interact_with_loom":5,"minecraft:interact_with_stonecutter":3,"minecraft:sleep_in_bed":1,"minecraft:time_since_rest":81453,"minecraft:damage_taken":4739,"minecraft:damage_dealt":24115,"minecraft:fly_one_cm":185070,"minecraft:swim_one_cm":14774,"minecraft:player_kills":1,"minecraft:open_chest":16,"minecraft:crouch_one_cm":8636,"minecraft:fall_one_cm":31381},"minecraft:killed":{"minecraft:cave_spider":21,"minecraft:witch":1,"minecraft:spider":16,"minecraft:skeleton":13,"minecraft:silverfish":7,"minecraft:creeper":2,"minecraft:pillager":3,"minecraft:zombie":31,"minecraft:wither_skeleton":13},"minecraft:used":{"minecraft:stone_sword":67,"minecraft:shield":6,"minecraft:iron_sword":230,"minecraft:iron_chestplate":1,"minecraft:dirt":1,"minecraft:wooden_axe":63,"minecraft:iron_helmet":1,"minecraft:smooth_quartz":5,"minecraft:furnace":1,"minecraft:water_bucket":8,"minecraft:leather_leggings":1,"minecraft:stone_pickaxe":2,"minecraft:oak_planks":75,"minecraft:wooden_pickaxe":13,"biomesoplenty:fir_planks":4,"minecraft:crafting_table":9,"minecraft:crossbow":21,"minecraft:diamond_pickaxe":122,"minecraft:apple":1,"minecraft:bread":81,"minecraft:iron_pickaxe":4,"biomesoplenty:toadstool":1,"minecraft:diamond_sword":215,"minecraft:bucket":9,"minecraft:pumpkin_pie":4,"minecraft:oak_boat":2,"minecraft:kelp":2},"minecraft:mined":{"minecraft:dark_prismarine":1,"minecraft:deepslate_diamond_ore":3,"biomesoplenty:desert_grass":1,"minecraft:grass_block":1,"minecraft:spruce_fence":4,"minecraft:spawner":21,"minecraft:hay_block":6,"minecraft:furnace":1,"biomesoplenty:toadstool":1,"minecraft:iron_ore":14,"minecraft:pumpkin":15,"minecraft:enchanting_table":1,"minecraft:deepslate_iron_ore":16,"minecraft:stone":25,"minecraft:powder_snow":2,"minecraft:crafting_table":6,"minecraft:cobblestone":4,"minecraft:prismarine":2,"minecraft:oak_planks":4,"supplementaries:urn":16,"minecraft:tnt":1,"biomesoplenty:fir_log":1,"minecraft:grass":2,"minecraft:oak_log":64,"minecraft:coal_ore":13,"minecraft:dirt":2,"minecraft:smooth_quartz":36,"minecraft:cyan_carpet":1,"biomesoplenty:stringy_cobweb":1,"minecraft:cobweb":4,"minecraft:deepslate":2},"minecraft:killed_by":{"minecraft:player":1},"minecraft:picked_up":{"minecraft:crafting_table":6,"minecraft:leather_leggings":1,"minecraft:string":20,"minecraft:cyan_carpet":1,"minecraft:cobbled_deepslate":4,"minecraft:smooth_quartz":24,"minecraft:furnace":1,"minecraft:raw_iron":30,"minecraft:torch":9,"minecraft:spruce_fence":2,"minecraft:carrot":1,"minecraft:redstone":6,"minecraft:tnt":1,"minecraft:arrow":14,"minecraft:rotten_flesh":13,"supplementaries:antique_ink":3,"minecraft:hay_block":6,"supplementaries:ash":7,"minecraft:cobblestone":30,"minecraft:rail":5,"minecraft:enchanting_table":1,"biomesoplenty:fir_log":1,"minecraft:oak_log":49,"supplementaries:flax_seeds":3,"minecraft:dirt":2,"minecraft:bone":42,"minecraft:apple":2,"minecraft:kelp":2,"minecraft:wheat_seeds":1,"minecraft:powered_rail":2,"minecraft:oak_planks":6,"biomesoplenty:toadstool":1,"minecraft:pumpkin":15,"minecraft:amethyst_shard":5,"minecraft:spider_eye":9,"minecraft:diamond":3,"minecraft:crossbow":1,"minecraft:emerald":5,"minecraft:bread":47,"minecraft:oak_sapling":2,"minecraft:coal":28},"minecraft:dropped":{"minecraft:iron_ingot":7,"minecraft:bread":40,"minecraft:iron_sword":1,"minecraft:wheat_seeds":1,"minecraft:crossbow":2,"minecraft:apple":1,"minecraft:iron_horse_armor":1,"minecraft:rail":5,"minecraft:music_disc_13":1,"minecraft:smooth_quartz":18,"minecraft:amethyst_shard":5,"minecraft:chainmail_leggings":1,"minecraft:paper":6,"minecraft:string":9,"minecraft:cyan_carpet":1,"minecraft:redstone":10,"alexsmobs:animal_dictionary":1,"alexscaves:cave_tablet":11,"minecraft:beetroot":5,"minecraft:rotten_flesh":44,"minecraft:spruce_fence":2,"supplementaries:antique_ink":3,"minecraft:chainmail_chestplate":3,"minecraft:filled_map":2,"minecraft:diamond_sword":1,"aether:chainmail_gloves":1,"minecraft:melon_seeds":4,"minecraft:oak_sapling":2,"minecraft:chainmail_boots":2,"minecraft:leather_leggings":1,"minecraft:spider_eye":11,"minecraft:arrow":1,"minecraft:powered_rail":2,"minecraft:stone_pickaxe":1,"minecraft:wooden_pickaxe":1},"minecraft:crafted":{"minecraft:oak_planks":196,"minecraft:furnace":1,"minecraft:iron_boots":1,"minecraft:stone_pickaxe":1,"minecraft:wheat":54,"minecraft:diamond_sword":2,"minecraft:crafting_table":4,"minecraft:wooden_pickaxe":1,"minecraft:iron_helmet":1,"minecraft:iron_sword":2,"minecraft:bucket":1,"minecraft:air":0,"minecraft:bread":18,"biomesoplenty:fir_planks":4,"minecraft:oak_boat":2,"minecraft:iron_chestplate":1,"minecraft:diamond_pickaxe":1,"minecraft:shield":1,"minecraft:stick":16,"minecraft:iron_pickaxe":1,"minecraft:iron_ingot":29,"minecraft:wooden_axe":1,"minecraft:stone_sword":1,"minecraft:iron_leggings":1},"minecraft:broken":{"minecraft:iron_sword":1,"minecraft:wooden_axe":1}},"DataVersion":3465}