{"stats":{"minecraft:used":{"minecraft:oak_trapdoor":2,"minecraft:stone_sword":67,"biomesoplenty:redwood_planks":4,"minecraft:shield":8,"minecraft:iron_sword":230,"minecraft:iron_chestplate":2,"minecraft:dirt":1,"minecraft:wooden_axe":63,"minecraft:iron_axe":68,"minecraft:iron_helmet":1,"minecraft:smooth_quartz":8,"minecraft:furnace":3,"minecraft:cobbled_deepslate":237,"minecraft:water_bucket":48,"minecraft:damaged_anvil":1,"minecraft:leather_leggings":1,"minecraft:stone_pickaxe":2,"minecraft:oak_planks":98,"minecraft:wooden_pickaxe":13,"biomesoplenty:fir_planks":4,"minecraft:crafting_table":17,"minecraft:crossbow":26,"minecraft:diamond_pickaxe":548,"minecraft:apple":1,"minecraft:bread":111,"minecraft:iron_pickaxe":4,"minecraft:iron_door":1,"biomesoplenty:toadstool":1,"travelersbackpack:standard":1,"minecraft:diamond_sword":383,"minecraft:cobblestone":6,"minecraft:potion":1,"minecraft:smithing_table":1,"minecraft:bucket":49,"immersive_aircraft:gyrodyne":1,"minecraft:pumpkin_pie":4,"minecraft:oak_boat":3,"minecraft:kelp":2},"minecraft:killed":{"minecraft:cave_spider":21,"minecraft:witch":1,"minecraft:vindicator":5,"minecraft:spider":18,"minecraft:skeleton":19,"minecraft:silverfish":7,"alexsmobs:centipede_head":1,"minecraft:creeper":3,"minecraft:pillager":6,"minecraft:zombie":45,"alexsmobs:maned_wolf":1,"minecraft:wither_skeleton":13},"minecraft:picked_up":{"biomesoplenty:redwood_log":1,"minecraft:crafting_table":12,"minecraft:leather_leggings":1,"minecraft:gold_block":1,"minecraft:potion":1,"minecraft:string":57,"minecraft:zombie_head":1,"minecraft:cyan_carpet":1,"minecraft:cobbled_deepslate":463,"minecraft:oak_boat":1,"minecraft:smooth_quartz":26,"minecraft:furnace":2,"minecraft:stick":4,"minecraft:raw_iron":80,"minecraft:torch":49,"minecraft:acacia_log":19,"minecraft:spruce_fence":2,"minecraft:diorite":6,"minecraft:carrot":1,"minecraft:redstone":11,"alexsmobs:centipede_leg":1,"minecraft:tnt":1,"minecraft:arrow":22,"minecraft:rotten_flesh":31,"supplementaries:antique_ink":3,"minecraft:hay_block":6,"supplementaries:ash":19,"minecraft:iron_bars":1,"minecraft:skeleton_skull":1,"minecraft:rail":5,"minecraft:cobblestone":92,"minecraft:enchanting_table":1,"minecraft:iron_door":2,"minecraft:andesite":12,"biomesoplenty:fir_log":1,"minecraft:flint":1,"minecraft:tuff":4,"minecraft:oak_log":59,"supplementaries:flax_seeds":5,"minecraft:gunpowder":2,"minecraft:dirt":2,"minecraft:bone":55,"minecraft:apple":2,"minecraft:stone_bricks":14,"minecraft:kelp":2,"minecraft:wheat_seeds":1,"minecraft:glass_bottle":1,"minecraft:powered_rail":2,"minecraft:oak_planks":6,"minecraft:acacia_sapling":6,"minecraft:book":141,"biomesoplenty:toadstool":1,"minecraft:pumpkin":15,"minecraft:gravel":6,"minecraft:sand":1,"minecraft:amethyst_shard":5,"minecraft:spider_eye":10,"minecraft:diamond":11,"minecraft:crossbow":1,"minecraft:bread":85,"minecraft:emerald":19,"minecraft:oak_sapling":3,"minecraft:coal":54,"minecraft:diamond_pickaxe":1},"minecraft:custom":{"minecraft:interact_with_smithing_table":2,"minecraft:interact_with_anvil":2,"minecraft:mob_kills":144,"minecraft:interact_with_crafting_table":64,"minecraft:open_barrel":15,"minecraft:bell_ring":5,"minecraft:damage_dealt_resisted":3063,"minecraft:leave_game":4,"minecraft:time_since_death":107441,"minecraft:climb_one_cm":3674,"minecraft:sprint_one_cm":384718,"minecraft:walk_one_cm":878227,"minecraft:damage_blocked_by_shield":435,"minecraft:drop":120,"minecraft:talked_to_villager":1,"minecraft:play_time":227776,"minecraft:deaths":2,"minecraft:sneak_time":6790,"minecraft:walk_under_water_one_cm":62949,"minecraft:boat_one_cm":531838,"minecraft:jump":2875,"minecraft:walk_on_water_one_cm":45311,"minecraft:total_world_time":227776,"minecraft:interact_with_furnace":43,"minecraft:tune_noteblock":1,"minecraft:interact_with_loom":5,"minecraft:interact_with_stonecutter":3,"minecraft:sleep_in_bed":1,"minecraft:time_since_rest":107492,"minecraft:damage_taken":6022,"minecraft:damage_dealt":30865,"minecraft:player_kills":1,"minecraft:swim_one_cm":31204,"minecraft:fly_one_cm":302859,"minecraft:open_chest":32,"minecraft:crouch_one_cm":16488,"minecraft:fall_one_cm":51922},"minecraft:crafted":{"minecraft:oak_planks":236,"immersive_aircraft:sail":2,"minecraft:furnace":2,"minecraft:white_carpet":12,"minecraft:oak_trapdoor":2,"travelersbackpack:white_sleeping_bag":1,"minecraft:iron_boots":2,"minecraft:iron_axe":1,"immersive_aircraft:hull":2,"minecraft:stone_pickaxe":1,"minecraft:wheat":54,"minecraft:diamond_sword":2,"minecraft:crafting_table":6,"biomesoplenty:redwood_planks":4,"minecraft:wooden_pickaxe":1,"minecraft:iron_helmet":2,"minecraft:iron_sword":2,"minecraft:bucket":1,"immersive_aircraft:propeller":1,"minecraft:bread":18,"minecraft:air":0,"biomesoplenty:fir_planks":4,"minecraft:oak_boat":3,"minecraft:iron_chestplate":2,"immersive_aircraft:gyrodyne":1,"minecraft:white_wool":11,"minecraft:diamond_pickaxe":1,"minecraft:shield":1,"minecraft:stick":16,"minecraft:iron_ingot":72,"minecraft:iron_pickaxe":2,"minecraft:wooden_axe":1,"minecraft:stone_sword":1,"minecraft:iron_leggings":1},"minecraft:dropped":{"minecraft:iron_ingot":26,"minecraft:bread":69,"minecraft:iron_sword":1,"minecraft:wheat_seeds":1,"minecraft:glass_bottle":2,"minecraft:diamond":2,"minecraft:crafting_table":2,"minecraft:crossbow":2,"minecraft:cobblestone":65,"minecraft:apple":1,"minecraft:iron_horse_armor":1,"minecraft:saddle":1,"minecraft:rail":5,"minecraft:music_disc_13":1,"minecraft:diorite":6,"minecraft:smooth_quartz":18,"minecraft:zombie_head":1,"minecraft:iron_door":1,"minecraft:amethyst_shard":5,"minecraft:sand":1,"minecraft:iron_pickaxe":2,"minecraft:chainmail_leggings":1,"minecraft:paper":6,"minecraft:string":9,"minecraft:bucket":1,"minecraft:cyan_carpet":1,"minecraft:redstone":15,"minecraft:gravel":6,"alexsmobs:animal_dictionary":1,"minecraft:cobbled_deepslate":172,"alexscaves:cave_tablet":11,"minecraft:tuff":4,"minecraft:beetroot":5,"minecraft:rotten_flesh":62,"minecraft:oak_planks":10,"minecraft:spruce_fence":2,"minecraft:chainmail_chestplate":3,"supplementaries:antique_ink":3,"minecraft:filled_map":2,"minecraft:diamond_sword":1,"supplementaries:flax_seeds":2,"supplementaries:ash":12,"minecraft:gunpowder":18,"aether:chainmail_gloves":2,"minecraft:skeleton_skull":1,"minecraft:diamond_pickaxe":1,"minecraft:iron_chestplate":1,"minecraft:andesite":12,"minecraft:melon_seeds":4,"minecraft:oak_sapling":3,"minecraft:acacia_sapling":6,"minecraft:chainmail_boots":2,"minecraft:leather_leggings":1,"minecraft:spider_eye":12,"minecraft:stone_bricks":13,"minecraft:arrow":1,"minecraft:powered_rail":2,"minecraft:stone_pickaxe":1,"minecraft:wooden_pickaxe":1},"minecraft:killed_by":{"minecraft:player":1,"alexsmobs:elephant":1},"minecraft:mined":{"minecraft:dark_prismarine":1,"minecraft:tuff":4,"minecraft:deepslate_diamond_ore":10,"biomesoplenty:desert_grass":1,"minecraft:glow_lichen":1,"minecraft:budding_amethyst":1,"minecraft:acacia_log":19,"minecraft:grass_block":1,"minecraft:spruce_fence":4,"minecraft:spawner":21,"minecraft:hay_block":6,"minecraft:tall_seagrass":1,"minecraft:furnace":2,"biomesoplenty:toadstool":1,"minecraft:iron_ore":52,"minecraft:cobbled_deepslate":19,"minecraft:andesite":13,"minecraft:pumpkin":15,"minecraft:gold_block":1,"minecraft:enchanting_table":1,"minecraft:bookshelf":41,"biomesoplenty:redwood_log":1,"minecraft:deepslate_iron_ore":27,"minecraft:iron_bars":3,"minecraft:stone":76,"minecraft:deepslate_redstone_ore":2,"minecraft:powder_snow":2,"minecraft:crafting_table":11,"minecraft:calcite":2,"minecraft:copper_ore":3,"minecraft:cobblestone":4,"minecraft:deepslate_gold_ore":1,"minecraft:oak_planks":4,"minecraft:prismarine":2,"minecraft:diorite":6,"minecraft:amethyst_block":2,"supplementaries:urn":36,"minecraft:tnt":1,"minecraft:stone_brick_stairs":1,"biomesoplenty:fir_log":1,"minecraft:grass":7,"minecraft:oak_log":74,"minecraft:coal_ore":13,"minecraft:cyan_carpet":1,"minecraft:smooth_quartz":38,"minecraft:gravel":15,"minecraft:dirt":2,"minecraft:sand":1,"biomesoplenty:stringy_cobweb":1,"minecraft:cobweb":39,"minecraft:smooth_basalt":2,"minecraft:stone_bricks":4,"minecraft:deepslate":247},"minecraft:broken":{"minecraft:iron_boots":1,"minecraft:iron_sword":1,"minecraft:iron_helmet":1,"minecraft:wooden_axe":1}},"DataVersion":3465}