{"stats":{"minecraft:custom":{"minecraft:interact_with_crafting_table":68,"minecraft:open_barrel":31,"minecraft:bell_ring":5,"minecraft:leave_game":10,"minecraft:time_since_death":304553,"minecraft:sprint_one_cm":682431,"minecraft:damage_blocked_by_shield":710,"minecraft:drop":206,"minecraft:talked_to_villager":2,"minecraft:play_time":424888,"minecraft:deaths":2,"minecraft:jump":4823,"minecraft:walk_on_water_one_cm":55408,"minecraft:interact_with_furnace":43,"minecraft:interact_with_loom":11,"minecraft:sleep_in_bed":4,"minecraft:waystone_activated":4,"minecraft:damage_dealt":56582,"minecraft:player_kills":1,"minecraft:crouch_one_cm":39550,"minecraft:inspect_dispenser":5,"minecraft:interact_with_smithing_table":3,"minecraft:inspect_dropper":3,"minecraft:interact_with_anvil":2,"minecraft:mob_kills":266,"minecraft:damage_dealt_resisted":3063,"minecraft:climb_one_cm":9712,"minecraft:walk_one_cm":1402710,"minecraft:sneak_time":15579,"minecraft:walk_under_water_one_cm":66195,"minecraft:boat_one_cm":557263,"minecraft:interact_with_blast_furnace":3,"minecraft:total_world_time":424888,"minecraft:tune_noteblock":2,"minecraft:interact_with_stonecutter":4,"minecraft:time_since_rest":108359,"minecraft:damage_absorbed":80,"minecraft:damage_taken":10207,"minecraft:trigger_trapped_chest":2,"minecraft:swim_one_cm":32842,"minecraft:fly_one_cm":619497,"minecraft:open_chest":85,"minecraft:fall_one_cm":113395},"minecraft:dropped":{"minecraft:iron_sword":2,"minecraft:glass_bottle":2,"minecraft:diamond":2,"minecraft:crafting_table":3,"minecraft:crossbow":2,"minecraft:lantern":1,"minecraft:iron_horse_armor":1,"minecraft:cracked_stone_bricks":1,"minecraft:saddle":1,"minecraft:rail":5,"minecraft:music_disc_13":1,"minecraft:dirt":14,"minecraft:cracked_polished_blackstone_bricks":4,"minecraft:dark_oak_fence":3,"minecraft:mutton":3,"backpacked:backpack":2,"minecraft:chain":2,"minecraft:gold_nugget":9,"minecraft:amethyst_shard":5,"minecraft:sand":1,"minecraft:polished_blackstone_bricks":2,"minecraft:iron_pickaxe":2,"minecraft:cyan_carpet":1,"minecraft:bone":3,"minecraft:gravel":6,"minecraft:golden_chestplate":1,"alexsmobs:animal_dictionary":1,"minecraft:cobbled_deepslate":175,"alexscaves:cave_tablet":11,"minecraft:beetroot":5,"minecraft:rotten_flesh":92,"minecraft:oak_planks":10,"minecraft:glowstone_dust":2,"minecraft:light_gray_carpet":12,"minecraft:waxed_oxidized_cut_copper_slab":1,"supplementaries:antique_ink":3,"minecraft:chainmail_chestplate":3,"minecraft:poppy":1,"supplementaries:flax_seeds":2,"supplementaries:ash":12,"minecraft:tipped_arrow":1,"minecraft:gunpowder":18,"minecraft:skeleton_skull":1,"minecraft:dropper":1,"minecraft:melon_seeds":4,"minecraft:acacia_sapling":7,"minecraft:chainmail_boots":2,"minecraft:leather_leggings":1,"minecraft:basalt":1,"minecraft:iron_bars":2,"minecraft:arrow":10,"minecraft:powered_rail":2,"minecraft:stone_brick_stairs":1,"minecraft:netherrack":42,"minecraft:bread":69,"minecraft:iron_ingot":26,"minecraft:wheat_seeds":1,"minecraft:mossy_cobblestone":1,"minecraft:oak_fence":1,"minecraft:golden_axe":2,"minecraft:cobblestone":78,"minecraft:apple":1,"bygonenether:cobbled_blackstone":10,"minecraft:diorite":6,"minecraft:smooth_quartz":18,"minecraft:iron_door":1,"minecraft:zombie_head":1,"minecraft:iron_leggings":1,"minecraft:pumpkin":1,"minecraft:chainmail_leggings":1,"minecraft:paper":6,"minecraft:string":34,"minecraft:bucket":1,"minecraft:redstone":15,"minecraft:coarse_dirt":3,"minecraft:tuff":4,"minecraft:white_carpet":2,"minecraft:light_gray_wool":15,"minecraft:iron_boots":1,"minecraft:spruce_fence":2,"minecraft:filled_map":2,"minecraft:diamond_sword":1,"minecraft:cobblestone_slab":1,"aether:chainmail_gloves":2,"minecraft:iron_chestplate":2,"minecraft:diamond_pickaxe":1,"minecraft:andesite":12,"minecraft:oak_sapling":3,"minecraft:stone_pressure_plate":1,"minecraft:spider_eye":15,"minecraft:stone_bricks":15,"minecraft:stone_pickaxe":1,"minecraft:wooden_pickaxe":1,"minecraft:calcite":3},"minecraft:used":{"minecraft:shield":21,"minecraft:iron_sword":230,"minecraft:player_head":3,"immersive_aircraft:quadrocopter":1,"minecraft:iron_chestplate":2,"minecraft:cyan_wool":1,"minecraft:obsidian":8,"minecraft:lava_bucket":5,"minecraft:iron_helmet":1,"minecraft:hay_block":10,"minecraft:furnace":3,"minecraft:damaged_anvil":1,"minecraft:leather_leggings":1,"minecraft:stone_pickaxe":2,"minecraft:oak_planks":98,"minecraft:cactus":2,"minecraft:ender_pearl":1,"minecraft:wooden_pickaxe":13,"biomesoplenty:fir_planks":4,"minecraft:golden_apple":3,"minecraft:glow_berries":1,"minecraft:crossbow":26,"minecraft:shears":24,"minecraft:bread":119,"minecraft:iron_door":1,"minecraft:diamond_sword":933,"minecraft:smithing_table":1,"immersive_aircraft:gyrodyne":19,"minecraft:oak_boat":9,"minecraft:cobweb":4,"minecraft:oak_trapdoor":2,"travelersbackpack:blaze":1,"minecraft:stone_sword":67,"minecraft:flint_and_steel":1,"biomesoplenty:redwood_planks":4,"minecraft:netherrack":34,"minecraft:dirt":1,"minecraft:wooden_axe":63,"minecraft:iron_axe":101,"minecraft:smooth_quartz":8,"minecraft:glowstone":10,"minecraft:basalt":41,"minecraft:cooked_beef":47,"minecraft:cobbled_deepslate":301,"minecraft:iron_leggings":1,"minecraft:calcite":1,"minecraft:water_bucket":52,"minecraft:polished_blackstone_bricks":16,"minecraft:mossy_cobblestone":3,"minecraft:crafting_table":18,"minecraft:diamond_pickaxe":861,"minecraft:apple":1,"minecraft:cracked_polished_blackstone_bricks":19,"minecraft:iron_pickaxe":4,"travelersbackpack:white_sleeping_bag":1,"minecraft:spruce_trapdoor":2,"biomesoplenty:toadstool":1,"minecraft:cobblestone":6,"minecraft:potion":1,"aether:golden_parachute":12,"travelersbackpack:standard":4,"minecraft:bucket":58,"minecraft:pumpkin_pie":4,"minecraft:kelp":2},"minecraft:crafted":{"minecraft:oak_planks":236,"minecraft:blaze_powder":2,"minecraft:diamond_leggings":1,"minecraft:iron_boots":2,"immersive_aircraft:hull":4,"minecraft:golden_boots":1,"minecraft:crafting_table":7,"minecraft:wooden_pickaxe":1,"minecraft:iron_helmet":3,"travelersbackpack:blaze":1,"immersive_aircraft:propeller":2,"biomesoplenty:fir_planks":4,"minecraft:iron_chestplate":2,"minecraft:diamond_pickaxe":1,"minecraft:golden_leggings":1,"minecraft:emerald_block":10,"minecraft:shield":2,"minecraft:stick":16,"minecraft:iron_ingot":72,"minecraft:iron_pickaxe":2,"minecraft:stone_sword":1,"minecraft:light_gray_carpet":12,"minecraft:shears":1,"minecraft:golden_chestplate":1,"immersive_aircraft:sail":4,"minecraft:furnace":2,"minecraft:white_carpet":24,"alexscaves:cave_map":1,"minecraft:oak_trapdoor":2,"travelersbackpack:white_sleeping_bag":1,"minecraft:iron_axe":1,"minecraft:stone_pickaxe":1,"minecraft:golden_helmet":1,"minecraft:wheat":54,"minecraft:diamond_sword":2,"biomesoplenty:redwood_planks":4,"minecraft:iron_sword":2,"minecraft:bucket":1,"minecraft:glowstone":22,"minecraft:bread":18,"minecraft:air":0,"minecraft:oak_boat":3,"minecraft:white_wool":17,"immersive_aircraft:gyrodyne":2,"minecraft:wooden_axe":1,"minecraft:iron_leggings":2,"minecraft:diamond_chestplate":1},"minecraft:killed":{"minecraft:cave_spider":28,"minecraft:zombified_piglin":10,"minecraft:witch":1,"minecraft:spider":24,"minecraft:skeleton":38,"minecraft:silverfish":19,"alexsmobs:centipede_head":1,"minecraft:piglin_brute":11,"minecraft:magma_cube":1,"minecraft:piglin":8,"minecraft:creeper":3,"minecraft:sheep":2,"minecraft:pillager":11,"minecraft:zombie":60,"alexsmobs:maned_wolf":1,"minecraft:blaze":7,"alexsmobs:dropbear":1,"minecraft:vindicator":5,"minecraft:husk":12,"minecraft:wither_skeleton":14,"minecraft:enderman":1},"minecraft:picked_up":{"minecraft:potion":1,"minecraft:stone_brick_stairs":1,"immersive_aircraft:improved_landing_gear":3,"minecraft:string":163,"minecraft:zombie_head":1,"minecraft:cobbled_deepslate":480,"minecraft:gold_nugget":9,"minecraft:cobblestone_slab":1,"minecraft:calcite":4,"minecraft:smooth_quartz":26,"minecraft:coal_block":6,"minecraft:furnace":5,"minecraft:stick":4,"minecraft:oak_fence":1,"minecraft:torch":49,"minecraft:acacia_log":43,"minecraft:golden_axe":2,"minecraft:diorite":6,"minecraft:golden_chestplate":1,"alexsmobs:centipede_leg":1,"minecraft:cactus":2,"minecraft:rotten_flesh":61,"supplementaries:antique_ink":3,"supplementaries:ash":19,"minecraft:blaze_rod":5,"minecraft:obsidian":8,"minecraft:iron_bars":3,"minecraft:cobblestone":105,"minecraft:enchanting_table":1,"minecraft:cooked_beef":1,"minecraft:iron_door":2,"minecraft:andesite":12,"minecraft:potato":1,"biomesoplenty:fir_log":1,"minecraft:flint":1,"minecraft:tuff":4,"supplementaries:flax_seeds":5,"minecraft:dirt":16,"minecraft:lantern":1,"minecraft:bone":67,"minecraft:wheat_seeds":1,"minecraft:glowstone_dust":90,"minecraft:powered_rail":2,"minecraft:oak_planks":6,"biomesoplenty:toadstool":1,"minecraft:dropper":1,"minecraft:sand":1,"minecraft:mossy_cobblestone":4,"travelersbackpack:white_sleeping_bag":1,"minecraft:diamond":13,"minecraft:cracked_polished_blackstone_bricks":23,"minecraft:crossbow":1,"minecraft:golden_apple":1,"minecraft:emerald":22,"minecraft:bread":85,"immersive_aircraft:steel_boiler":1,"minecraft:light_gray_carpet":3,"minecraft:oak_sapling":3,"minecraft:netherrack":76,"minecraft:dark_oak_fence":3,"minecraft:diamond_pickaxe":1,"biomesoplenty:redwood_log":1,"minecraft:coarse_dirt":3,"minecraft:crafting_table":12,"minecraft:leather_leggings":1,"backpacked:backpack":1,"minecraft:gold_block":18,"minecraft:chain":2,"minecraft:white_carpet":5,"minecraft:cyan_carpet":1,"minecraft:cracked_stone_bricks":1,"minecraft:oak_boat":7,"minecraft:player_head":6,"minecraft:cyan_wool":1,"minecraft:poppy":1,"minecraft:light_gray_wool":23,"minecraft:piston":1,"minecraft:spruce_trapdoor":2,"minecraft:raw_iron":80,"bygonenether:cobbled_blackstone":10,"minecraft:spruce_fence":2,"minecraft:polished_blackstone_bricks":18,"minecraft:carrot":1,"minecraft:redstone":11,"minecraft:stone_pressure_plate":1,"minecraft:tnt":1,"minecraft:arrow":49,"minecraft:hay_block":47,"alexscaves:spelunkery_table":2,"minecraft:black_banner":1,"minecraft:glow_berries":1,"minecraft:mutton":3,"minecraft:rail":5,"minecraft:skeleton_skull":2,"minecraft:white_wool":2,"minecraft:basalt":42,"immersive_aircraft:nether_engine":3,"minecraft:oak_log":59,"minecraft:gunpowder":2,"immersive_aircraft:gyrodyne":17,"minecraft:apple":2,"minecraft:stone_bricks":16,"minecraft:kelp":2,"minecraft:cobweb":4,"minecraft:glass_bottle":1,"minecraft:acacia_sapling":7,"minecraft:book":141,"minecraft:emerald_block":1,"minecraft:pumpkin":16,"minecraft:gravel":6,"minecraft:amethyst_shard":5,"minecraft:blast_furnace":10,"minecraft:spider_eye":14,"immersive_aircraft:enhanced_propeller":2,"minecraft:waxed_oxidized_cut_copper_slab":1,"minecraft:coal":67,"minecraft:ender_pearl":1},"minecraft:mined":{"minecraft:stone_pressure_plate":4,"minecraft:obsidian":8,"minecraft:spruce_trapdoor":2,"minecraft:budding_amethyst":1,"minecraft:acacia_log":43,"minecraft:grass_block":2,"minecraft:infested_cobblestone":8,"minecraft:cracked_polished_blackstone_bricks":28,"minecraft:coal_block":6,"minecraft:spawner":30,"minecraft:polished_blackstone_bricks":19,"minecraft:tall_seagrass":1,"minecraft:glowstone":30,"minecraft:iron_ore":52,"minecraft:cobbled_deepslate":23,"minecraft:fire":6,"minecraft:pumpkin":15,"minecraft:enchanting_table":1,"biomesoplenty:redwood_log":1,"minecraft:iron_bars":5,"minecraft:player_head":6,"minecraft:tripwire":12,"minecraft:deepslate_redstone_ore":2,"minecraft:blackstone":13,"minecraft:powder_snow":2,"minecraft:blast_furnace":10,"minecraft:calcite":6,"minecraft:cobblestone":10,"minecraft:prismarine":2,"minecraft:oak_planks":4,"minecraft:amethyst_block":2,"minecraft:skeleton_skull":1,"minecraft:chain":2,"minecraft:cyan_wool":1,"minecraft:light_gray_wool":20,"minecraft:tnt":1,"biomesoplenty:fir_log":1,"minecraft:stone_brick_stairs":2,"minecraft:grass":7,"minecraft:oak_log":74,"minecraft:sand":1,"minecraft:dirt":4,"minecraft:smooth_quartz":38,"minecraft:smooth_basalt":2,"minecraft:netherrack":76,"minecraft:piston":1,"minecraft:deepslate":260,"minecraft:emerald_block":1,"minecraft:dark_prismarine":1,"alexscaves:spelunkery_table":2,"minecraft:tuff":4,"minecraft:mossy_cobblestone":4,"minecraft:deepslate_diamond_ore":12,"biomesoplenty:desert_grass":2,"minecraft:glow_lichen":1,"minecraft:spruce_fence":4,"travelersbackpack:white_sleeping_bag":1,"minecraft:spruce_leaves":1,"minecraft:hay_block":47,"minecraft:furnace":5,"biomesoplenty:toadstool":1,"minecraft:waxed_oxidized_cut_copper_slab":1,"minecraft:andesite":13,"minecraft:gold_block":18,"minecraft:bookshelf":41,"minecraft:deepslate_iron_ore":27,"minecraft:cobblestone_slab":1,"minecraft:vine":2,"biomesoplenty:spider_egg":3,"minecraft:stone":83,"minecraft:cake":1,"minecraft:light_gray_carpet":3,"minecraft:basalt":46,"minecraft:oak_fence":1,"minecraft:crafting_table":11,"minecraft:copper_ore":3,"minecraft:deepslate_gold_ore":1,"minecraft:diorite":6,"supplementaries:urn":37,"minecraft:black_wall_banner":1,"minecraft:white_carpet":6,"minecraft:coal_ore":26,"minecraft:gravel":15,"minecraft:cyan_carpet":1,"biomesoplenty:stringy_cobweb":1,"minecraft:cobweb":128,"minecraft:cracked_stone_bricks":1,"minecraft:stone_bricks":6},"minecraft:killed_by":{"alexsmobs:elephant":1,"minecraft:player":1},"minecraft:broken":{"minecraft:iron_boots":1,"minecraft:iron_leggings":1,"minecraft:iron_sword":1,"minecraft:wooden_axe":1,"minecraft:iron_helmet":2}},"DataVersion":3465}