{"stats":{"minecraft:broken":{"minecraft:wooden_axe":1},"minecraft:killed_by":{"minecraft:player":1,"minecraft:wither_skeleton":2,"minecraft:spider":2,"minecraft:zombie":1,"alexsmobs:grizzly_bear":1},"minecraft:picked_up":{"minecraft:charcoal":4,"minecraft:crafting_table":9,"minecraft:chicken":2,"minecraft:ladder":1,"minecraft:leather_leggings":2,"minecraft:diamond_sword":2,"alexscaves:cave_tablet":10,"minecraft:oak_stairs":1,"minecraft:brown_bed":1,"minecraft:stone_brick_stairs":1,"minecraft:string":76,"minecraft:red_bed":1,"minecraft:cyan_carpet":2,"minecraft:oak_sign":1,"minecraft:cobbled_deepslate":13,"minecraft:spruce_planks":1,"minecraft:oak_boat":2,"minecraft:rose_bush":1,"minecraft:poppy":1,"minecraft:smooth_quartz":13,"minecraft:furnace":1,"minecraft:stick":1,"minecraft:raw_iron":66,"minecraft:oak_fence":1,"minecraft:acacia_log":9,"minecraft:spruce_fence":5,"minecraft:porkchop":3,"minecraft:diorite":15,"minecraft:carrot":1,"minecraft:arrow":13,"minecraft:rotten_flesh":19,"aether:chainmail_gloves":1,"minecraft:hay_block":26,"minecraft:carved_pumpkin":1,"minecraft:mutton":1,"minecraft:cod":1,"minecraft:white_wool":1,"minecraft:cobblestone":130,"minecraft:rail":5,"minecraft:stripped_oak_log":2,"minecraft:enchanting_table":1,"minecraft:smoker":1,"biomesoplenty:fir_log":1,"minecraft:oak_log":11,"minecraft:dirt":6,"minecraft:cooked_mutton":4,"minecraft:bone":17,"minecraft:kelp":16,"minecraft:bow":2,"minecraft:wheat_seeds":2,"minecraft:raw_gold":6,"minecraft:stone_pickaxe":1,"minecraft:iron_ingot":10,"minecraft:acacia_sapling":2,"minecraft:prismarine":1,"minecraft:oak_planks":5,"minecraft:dark_oak_stairs":4,"minecraft:dark_oak_slab":13,"minecraft:pumpkin":1,"minecraft:gravel":15,"minecraft:blast_furnace":2,"minecraft:ink_sac":2,"minecraft:spruce_log":6,"minecraft:dark_oak_log":18,"minecraft:spider_eye":10,"minecraft:stripped_acacia_log":1,"minecraft:diamond":2,"minecraft:spruce_boat":1,"minecraft:granite":4,"minecraft:emerald":2,"minecraft:bread":20,"minecraft:dark_oak_fence":14,"minecraft:coal":70,"minecraft:oak_leaves":2},"minecraft:custom":{"minecraft:mob_kills":110,"minecraft:interact_with_crafting_table":47,"minecraft:open_barrel":17,"minecraft:damage_dealt_resisted":1875,"minecraft:eat_cake_slice":2,"minecraft:leave_game":4,"minecraft:time_since_death":38940,"minecraft:climb_one_cm":6657,"minecraft:sprint_one_cm":786887,"minecraft:walk_one_cm":616823,"minecraft:drop":32,"minecraft:play_time":190018,"minecraft:deaths":9,"minecraft:sneak_time":9109,"minecraft:walk_under_water_one_cm":53080,"minecraft:boat_one_cm":223976,"minecraft:jump":2558,"minecraft:interact_with_blast_furnace":14,"minecraft:walk_on_water_one_cm":50856,"minecraft:total_world_time":190018,"minecraft:interact_with_furnace":14,"minecraft:interact_with_loom":5,"minecraft:sleep_in_bed":2,"minecraft:time_since_rest":1311,"minecraft:damage_taken":5858,"minecraft:damage_dealt":27757,"minecraft:swim_one_cm":59964,"minecraft:fly_one_cm":265003,"minecraft:open_chest":60,"minecraft:crouch_one_cm":18243,"minecraft:interact_with_smoker":1,"minecraft:fall_one_cm":55500},"minecraft:mined":{"minecraft:deepslate_diamond_ore":2,"farmersdelight:wild_carrots":1,"minecraft:dark_oak_log":20,"minecraft:carved_pumpkin":1,"minecraft:dark_oak_fence":14,"minecraft:acacia_log":13,"minecraft:grass_block":5,"minecraft:spruce_fence":2,"minecraft:spruce_leaves":2,"minecraft:kelp":1,"minecraft:oak_wall_sign":1,"minecraft:spawner":3,"minecraft:hay_block":27,"minecraft:furnace":1,"minecraft:iron_ore":44,"minecraft:cobbled_deepslate":1,"minecraft:pumpkin":1,"minecraft:enchanting_table":1,"minecraft:dark_oak_stairs":4,"minecraft:brown_bed":1,"minecraft:bookshelf":4,"minecraft:vine":2,"minecraft:deepslate_iron_ore":19,"minecraft:oak_stairs":1,"minecraft:stripped_acacia_log":2,"minecraft:stripped_oak_log":2,"minecraft:stone":115,"minecraft:red_bed":1,"minecraft:kelp_plant":3,"minecraft:smoker":1,"minecraft:crafting_table":7,"diagonalfences:minecraft/oak_fence":1,"minecraft:blast_furnace":2,"minecraft:emerald_ore":1,"minecraft:poppy":1,"minecraft:rose_bush":3,"minecraft:campfire":2,"minecraft:tall_grass":2,"minecraft:copper_ore":1,"minecraft:cobblestone":18,"minecraft:deepslate_gold_ore":6,"minecraft:oak_planks":4,"minecraft:diorite":15,"minecraft:seagrass":1,"minecraft:dark_oak_slab":13,"minecraft:spruce_log":6,"biomesoplenty:fir_log":1,"minecraft:grass":24,"biomesoplenty:clover":7,"minecraft:oak_log":10,"minecraft:coal_ore":56,"minecraft:sand":1,"minecraft:dirt":1,"minecraft:acacia_fence":1,"minecraft:gravel":17,"minecraft:cyan_carpet":1,"minecraft:smooth_quartz":1,"minecraft:cobweb":4,"minecraft:stone_bricks":1,"minecraft:oak_leaves":2,"minecraft:deepslate":7},"minecraft:crafted":{"minecraft:oak_door":3,"minecraft:oak_planks":44,"minecraft:iron_boots":1,"minecraft:iron_axe":1,"minecraft:stone_pickaxe":2,"minecraft:dark_oak_planks":72,"minecraft:oak_fence":9,"minecraft:wheat":234,"minecraft:crafting_table":6,"minecraft:spruce_planks":24,"minecraft:wooden_pickaxe":4,"minecraft:iron_helmet":2,"minecraft:iron_sword":1,"minecraft:bread":70,"minecraft:air":0,"biomesoplenty:fir_planks":4,"minecraft:dark_oak_slab":12,"minecraft:iron_chestplate":2,"minecraft:shield":1,"minecraft:stick":36,"minecraft:iron_ingot":49,"minecraft:iron_pickaxe":2,"minecraft:wooden_axe":2,"minecraft:stone_sword":1,"minecraft:iron_leggings":2,"minecraft:acacia_planks":40},"minecraft:killed":{"minecraft:cave_spider":34,"minecraft:spider":26,"minecraft:cod":1,"naturalist:coral_snake":1,"minecraft:skeleton":14,"minecraft:sheep":1,"minecraft:pillager":2,"minecraft:zombie":15,"minecraft:wither_skeleton":14},"minecraft:dropped":{"farmersdelight:tomato_seeds":2,"minecraft:bread":27,"minecraft:wheat_seeds":3,"minecraft:crafting_table":1,"minecraft:poisonous_potato":1,"minecraft:granite":4,"minecraft:rail":5,"minecraft:dirt":2,"minecraft:diorite":2,"minecraft:ink_sac":2,"minecraft:pumpkin":1,"minecraft:string":9,"minecraft:acacia_planks":1,"minecraft:cyan_carpet":1,"minecraft:bone":1,"minecraft:gravel":6,"minecraft:kelp":1,"minecraft:cobbled_deepslate":2,"minecraft:rotten_flesh":11,"minecraft:spruce_fence":2,"aether:chainmail_gloves":1,"minecraft:ladder":1,"minecraft:carved_pumpkin":1,"minecraft:leather_leggings":1,"minecraft:spider_eye":2,"minecraft:wooden_pickaxe":1},"minecraft:used":{"minecraft:oak_fence":10,"minecraft:moss_block":1,"minecraft:stone_sword":4,"minecraft:spruce_planks":3,"minecraft:iron_sword":126,"minecraft:iron_chestplate":1,"minecraft:oak_door":2,"minecraft:dirt":3,"minecraft:dark_oak_planks":20,"minecraft:wooden_axe":64,"minecraft:iron_axe":64,"minecraft:dark_oak_slab":24,"minecraft:iron_boots":1,"minecraft:smooth_quartz":4,"minecraft:stone_brick_stairs":1,"minecraft:golden_carrot":2,"minecraft:goat_horn":1,"minecraft:furnace":1,"minecraft:cobbled_deepslate":1,"minecraft:brown_bed":1,"minecraft:cooked_mutton":4,"minecraft:stone_pickaxe":198,"minecraft:oak_planks":13,"minecraft:wooden_pickaxe":47,"biomesoplenty:fir_planks":4,"minecraft:glow_berries":4,"farmersdelight:onion":2,"minecraft:crafting_table":14,"minecraft:red_bed":1,"minecraft:blast_furnace":1,"minecraft:apple":1,"minecraft:bread":68,"minecraft:iron_pickaxe":95,"minecraft:gravel":2,"minecraft:diamond_sword":338,"minecraft:cobblestone":107,"minecraft:dark_oak_fence":14,"minecraft:bucket":1,"minecraft:oak_boat":1,"alexsmobs:animal_dictionary":1}},"DataVersion":3465}