{"stats":{"minecraft:custom":{"minecraft:interact_with_furnace":14,"minecraft:mob_kills":90,"minecraft:interact_with_crafting_table":24,"minecraft:open_barrel":11,"minecraft:interact_with_loom":5,"minecraft:damage_dealt_resisted":1875,"minecraft:leave_game":2,"minecraft:time_since_death":8840,"minecraft:sleep_in_bed":1,"minecraft:climb_one_cm":3903,"minecraft:time_since_rest":8897,"minecraft:sprint_one_cm":427742,"minecraft:damage_taken":3748,"minecraft:walk_one_cm":381268,"minecraft:drop":28,"minecraft:damage_dealt":23773,"minecraft:swim_one_cm":28280,"minecraft:fly_one_cm":147882,"minecraft:open_chest":29,"minecraft:crouch_one_cm":9261,"minecraft:play_time":103398,"minecraft:deaths":3,"minecraft:sneak_time":3789,"minecraft:walk_under_water_one_cm":27560,"minecraft:boat_one_cm":195131,"minecraft:jump":1390,"minecraft:walk_on_water_one_cm":18033,"minecraft:interact_with_smoker":1,"minecraft:total_world_time":103398,"minecraft:fall_one_cm":29349},"minecraft:killed":{"minecraft:cave_spider":31,"minecraft:spider":24,"naturalist:coral_snake":1,"minecraft:skeleton":8,"minecraft:pillager":1,"minecraft:zombie":10,"minecraft:wither_skeleton":14},"minecraft:used":{"minecraft:moss_block":1,"minecraft:stone_pickaxe":81,"minecraft:oak_planks":12,"minecraft:spruce_planks":3,"minecraft:wooden_pickaxe":3,"minecraft:iron_sword":126,"biomesoplenty:fir_planks":4,"minecraft:iron_chestplate":1,"farmersdelight:onion":2,"minecraft:dirt":1,"minecraft:crafting_table":5,"minecraft:bread":59,"minecraft:iron_pickaxe":51,"minecraft:iron_boots":1,"minecraft:smooth_quartz":4,"minecraft:golden_carrot":1,"minecraft:diamond_sword":321,"minecraft:cobblestone":42,"minecraft:furnace":1,"minecraft:bucket":1,"alexsmobs:animal_dictionary":1,"minecraft:oak_boat":1,"minecraft:cobbled_deepslate":1},"minecraft:mined":{"minecraft:kelp_plant":3,"minecraft:smoker":1,"farmersdelight:wild_carrots":1,"minecraft:carved_pumpkin":1,"minecraft:crafting_table":2,"minecraft:spruce_fence":2,"minecraft:emerald_ore":1,"minecraft:grass_block":3,"minecraft:rose_bush":3,"minecraft:copper_ore":1,"minecraft:tall_grass":2,"minecraft:spruce_leaves":2,"minecraft:kelp":1,"minecraft:oak_planks":2,"minecraft:diorite":2,"minecraft:spawner":3,"minecraft:seagrass":1,"minecraft:hay_block":27,"minecraft:furnace":1,"minecraft:iron_ore":20,"minecraft:cobbled_deepslate":1,"minecraft:spruce_log":6,"minecraft:pumpkin":1,"biomesoplenty:fir_log":1,"minecraft:grass":7,"biomesoplenty:clover":7,"minecraft:coal_ore":12,"minecraft:deepslate_iron_ore":14,"minecraft:oak_stairs":1,"minecraft:smooth_quartz":1,"minecraft:cyan_carpet":1,"minecraft:gravel":6,"minecraft:cobweb":2,"minecraft:stripped_acacia_log":2,"minecraft:stripped_oak_log":2,"minecraft:stone":46,"minecraft:deepslate":2},"minecraft:killed_by":{"minecraft:player":1,"minecraft:wither_skeleton":2},"minecraft:picked_up":{"minecraft:stripped_oak_log":2,"minecraft:crafting_table":2,"minecraft:ladder":1,"minecraft:leather_leggings":2,"minecraft:diamond_sword":2,"minecraft:smoker":1,"alexscaves:cave_tablet":10,"minecraft:oak_stairs":1,"biomesoplenty:fir_log":1,"minecraft:oak_log":1,"minecraft:dirt":3,"minecraft:string":67,"minecraft:bone":15,"minecraft:cyan_carpet":2,"minecraft:kelp":16,"minecraft:cobbled_deepslate":3,"minecraft:spruce_planks":1,"minecraft:iron_ingot":7,"minecraft:oak_boat":2,"minecraft:rose_bush":1,"minecraft:smooth_quartz":13,"minecraft:prismarine":1,"minecraft:oak_planks":2,"minecraft:furnace":1,"minecraft:stick":1,"minecraft:raw_iron":34,"minecraft:pumpkin":1,"minecraft:spruce_fence":5,"minecraft:gravel":6,"minecraft:ink_sac":2,"minecraft:diorite":2,"minecraft:carrot":1,"minecraft:spruce_log":6,"minecraft:spider_eye":9,"minecraft:stripped_acacia_log":1,"minecraft:arrow":11,"minecraft:rotten_flesh":15,"aether:chainmail_gloves":1,"minecraft:hay_block":26,"minecraft:granite":4,"minecraft:carved_pumpkin":1,"minecraft:bread":20,"minecraft:emerald":1,"minecraft:coal":26,"minecraft:rail":5,"minecraft:cobblestone":45},"minecraft:dropped":{"farmersdelight:tomato_seeds":2,"minecraft:gravel":6,"minecraft:bread":27,"minecraft:kelp":1,"minecraft:wheat_seeds":2,"minecraft:cobbled_deepslate":2,"minecraft:poisonous_potato":1,"minecraft:rotten_flesh":11,"minecraft:granite":4,"minecraft:rail":5,"minecraft:spruce_fence":2,"minecraft:dirt":2,"aether:chainmail_gloves":1,"minecraft:diorite":2,"minecraft:ink_sac":2,"minecraft:ladder":1,"minecraft:spider_eye":2,"minecraft:carved_pumpkin":1,"minecraft:leather_leggings":1,"minecraft:pumpkin":1,"minecraft:string":9,"minecraft:acacia_planks":1,"minecraft:cyan_carpet":1},"minecraft:crafted":{"minecraft:oak_planks":4,"minecraft:crafting_table":3,"minecraft:spruce_planks":24,"minecraft:wooden_pickaxe":1,"minecraft:iron_helmet":1,"minecraft:iron_sword":1,"minecraft:bread":67,"minecraft:air":0,"biomesoplenty:fir_planks":4,"minecraft:iron_boots":1,"minecraft:iron_chestplate":1,"minecraft:shield":1,"minecraft:stick":8,"minecraft:iron_ingot":25,"minecraft:iron_pickaxe":1,"minecraft:stone_pickaxe":1,"minecraft:iron_leggings":1,"minecraft:acacia_planks":4,"minecraft:wheat":234}},"DataVersion":3465}